--
-- Peuplement des tables de la base ALICE
--

USE alice;

-- -----------------------------------------------------
-- Table `alice`.`AGENT`
-- -----------------------------------------------------
INSERT INTO agent (idAgent, nom, prenom, login, mdp, statut, idBiblio) 
VALUES
(1, 'Pesty', 'Cathy', 'cpesty', 'admin', 'A', 'V'),
(2, 'Sébire', 'Béatrice', 'bsébire', 'admin', 'A', 'V'),
(3, 'Ubezzi', 'Laure', 'lubezzi', 'admin', 'A', 'V'),
(4, 'Leroy', 'Lydie',  '', '', '', 'V'),
(5, 'Mendy', 'Thiebou',  '', '', '', 'V'),
(6, 'Tait', 'Marco',  '', '', '', 'V'),
(7, 'Colas', 'Cécile', 'ccolas', 'admin', 'A', 'V'),
(8, 'Gabillaud', 'Simon', '', '', '', 'V'),
(9, 'Gasiglia', 'Denis', '', '', '', 'V'),
(10, 'Tesla', 'Elisabeth', '', '', 'I', 'V'),
(11, 'Emonet', 'Sophie', '', '', '', 'V'),
(12, 'Garnier', 'Bernadette', '', '', '', 'V'),
(13, 'Rouault', 'Agnès', '', '', '', 'V'),
(14, 'Casado', 'Laëtitia', '', '', '', 'V'),
(15, 'Moricet', 'Fabien', 'fmoricet', 'admin', 'A', 'V'),
(16, 'Lefebvre', 'Johann', '', '', '', 'V'),
(17, 'Cardonné', 'Delphine', '', '', '', 'V'),
(18, 'Lateur', 'Marie-Paule', '', '', '', 'V'),
(19, 'Garnier', 'Carole', '', '', '', 'V'),
(20, 'Marion', 'Frédéric', '', '', '', 'V'),
(21, 'Sanchez', 'Claude', '', '', '', 'V'),
(22, 'Thibault', 'Alexandra', '', '', '', 'V'),
(23, 'Chassagne', 'Catherine', '', '', '', 'V');


-- -----------------------------------------------------
-- Table `alice`.`FERIE`
-- -----------------------------------------------------
INSERT INTO ferie (idFerie, nomFerie, dateDebFerie, dateFinFerie)
VALUES
(1, '1er janvier', '2017-01-01', '2017-01-01'),
(2, 'Lundi de Pâques', '2017-04-17', '2017-04-17'),
(3, '1er mai', '2017-05-01', '2017-05-01'),
(4, '8 mai', '2017-05-08' , '2017-05-08'),
(5, 'Jeudi de l''Ascension', '2017-05-25', '2017-05-25'),
(6, 'Lundi de Pentecôte', '2017-06-05', '2017-06-05'),
(7, '14 juillet', '2017-07-14', '2017-07-14'),
(8, '15 août', '2017-08-15', '2017-08-15'),
(9, 'Toussaint', '2017-11-01', '2017-11-01'),
(10, '11 novembre', '2017-11-11', '2017-11-11'),
(11, 'Noël', '2017-12-25', '2017-12-25');


-- -----------------------------------------------------
-- Table `alice`.`HORAIRE`
-- -----------------------------------------------------

INSERT INTO horaire (idHoraire, libHoraire) 
VALUES
(1, '10:00:00'),
(2, '13:30:00'),
(3, '14:00:00'),
(4, '16:00:00'),
(5, '17:00:00'),
(6, '18:00:00'),
(7, '18:30:00');


-- -----------------------------------------------------
-- Table `alice`.`GROUPE`
-- -----------------------------------------------------

INSERT INTO groupe (idGroupe, libGroupe, coulGroupe) 
VALUES
(1,'Service public', '#ffcc33'),
(2,'Service public réseau', '#00cc33'),
(3,'Hors service public', '#cccccc'),
(4,'Absence', '#6699ff'),
(5,'Indéfini', '#ff6666');


-- ---------------------------------------------------------
-- Table `alice`.`VACANCES`
-- ---------------------------------------------------------
INSERT INTO vacances (idVac, nomVac, dateDebVac, dateFinVac)
VALUES
(1, 'Noël', '2016-12-18', '2017-01-02'),
(2, 'Hiver', '2017-02-12', '2017-02-26'),
(3, 'Printemps', '2017-04-09', '2017-04-23'),
(4, 'Eté', '2017-07-09', '2017-09-01'),
(5, 'Toussaint', '2017-10-23', '2016-11-05'),
(6, 'Noël', '2017-12-24', '2018-01-07');


-- -------------------------------------------------------
-- Table `alice`.`POSTE`
-- -------------------------------------------------------
INSERT INTO poste (idPoste, libPoste, typePoste, idGroupe)
VALUES
(1, 'Adulte', 1, 1),
(2, 'Image', 1, 1),
(3, 'Inscription', 1, 1),
(4, 'Jeunesse', 1, 1),
(5, 'Son', 1, 1),
(6, 'Usuel', 1, 1),
(7, 'Animation', 0, 3),
(8, 'Bureau', 0, 3),
(9, 'Entretien', 0, 3),
(10, 'Navette', 0, 3),
(11, 'Réunion', 0, 3),
(12, 'Arrêt', 0, 4),
(13, 'Congés', 0, 4),
(14, 'Exceptionnel', 0, 4),
(15, 'Formation', 0, 4),
(16, 'Repos', 0, 4),
(17, 'Annexe', 1, 2),
(18, 'Gasny', 1, 2),
(19, 'Pacy-sur-Eure', 1, 2),
(20, 'Saint-Marcel', 1, 2),
(21, 'Indéfini', 0, 5);

--
-- Contenu de la table `planstd`
--

INSERT INTO `planstd` (`idAgent`, `idJour`, `horaireDeb`, `horaireFin`, `idPoste`) 
VALUES
(6, 3, 4, 7, 1),
(11, 2, 4, 7, 1),
(16, 2, 2, 4, 1),
(16, 3, 3, 4, 1),
(18, 3, 4, 7, 1),
(18, 5, 4, 7, 1),
(20, 5, 2, 4, 1),
(21, 3, 1, 3, 1),
(6, 3, 1, 3, 2),
(6, 3, 3, 4, 2),
(9, 6, 3, 5, 2),
(20, 2, 4, 7, 2),
(20, 3, 4, 7, 2),
(7, 2, 4, 7, 3),
(15, 3, 1, 3, 3),
(15, 5, 4, 7, 3),
(17, 3, 3, 4, 3),
(18, 2, 2, 4, 3),
(19, 3, 4, 7, 3),
(19, 5, 2, 4, 3),
(2, 3, 4, 7, 4),
(7, 3, 3, 4, 4),
(12, 3, 1, 3, 4),
(12, 3, 3, 4, 4),
(13, 3, 1, 3, 4),
(13, 3, 3, 4, 4),
(13, 5, 2, 4, 4),
(14, 2, 2, 4, 4),
(14, 3, 4, 7, 4),
(14, 5, 4, 7, 4),
(7, 3, 4, 7, 5),
(9, 2, 2, 4, 5),
(9, 5, 2, 4, 5),
(11, 5, 4, 7, 5),
(19, 3, 3, 4, 5),
(8, 2, 2, 4, 6),
(8, 3, 4, 7, 6),
(11, 3, 3, 4, 6),
(15, 5, 2, 4, 6),
(16, 2, 4, 7, 6),
(17, 3, 1, 3, 6),
(17, 5, 4, 7, 6),
(1, 2, 2, 4, 8),
(1, 2, 4, 7, 8),
(1, 3, 3, 4, 8),
(1, 3, 4, 7, 8),
(1, 4, 1, 3, 8),
(1, 4, 3, 7, 8),
(1, 5, 2, 4, 8),
(1, 5, 4, 7, 8),
(1, 6, 1, 3, 8),
(1, 6, 3, 5, 8),
(2, 2, 2, 4, 8),
(2, 2, 4, 7, 8),
(2, 3, 1, 3, 8),
(2, 3, 3, 4, 8),
(2, 4, 1, 3, 8),
(2, 5, 2, 4, 8),
(2, 5, 4, 7, 8),
(2, 6, 1, 3, 8),
(2, 6, 3, 5, 8),
(3, 1, 2, 4, 8),
(3, 1, 4, 7, 8),
(3, 2, 2, 4, 8),
(3, 3, 1, 3, 8),
(3, 3, 3, 4, 8),
(3, 4, 1, 3, 8),
(3, 4, 3, 7, 8),
(3, 5, 2, 4, 8),
(4, 1, 2, 4, 8),
(4, 1, 4, 7, 8),
(4, 2, 2, 4, 8),
(4, 2, 4, 7, 8),
(4, 3, 1, 3, 8),
(4, 3, 3, 4, 8),
(4, 3, 4, 7, 8),
(4, 4, 1, 3, 8),
(4, 4, 3, 7, 8),
(4, 5, 2, 4, 8),
(4, 5, 4, 7, 8),
(6, 4, 1, 3, 8),
(6, 6, 1, 3, 8),
(6, 6, 3, 5, 8),
(7, 2, 2, 4, 8),
(7, 3, 1, 3, 8),
(7, 4, 1, 3, 8),
(7, 5, 2, 4, 8),
(7, 5, 4, 7, 8),
(7, 6, 1, 3, 8),
(7, 6, 3, 5, 8),
(8, 2, 4, 7, 8),
(8, 3, 1, 3, 8),
(8, 3, 3, 4, 8),
(8, 4, 1, 3, 8),
(8, 5, 2, 4, 8),
(8, 5, 4, 7, 8),
(8, 6, 1, 3, 8),
(8, 6, 3, 5, 8),
(9, 3, 1, 3, 8),
(9, 3, 3, 4, 8),
(9, 4, 1, 3, 8),
(9, 4, 3, 7, 8),
(9, 6, 1, 3, 8),
(11, 2, 2, 4, 8),
(11, 3, 1, 3, 8),
(11, 3, 4, 7, 8),
(11, 4, 1, 3, 8),
(11, 5, 2, 4, 8),
(11, 6, 1, 3, 8),
(11, 6, 3, 5, 8),
(12, 2, 2, 4, 8),
(12, 2, 4, 7, 8),
(12, 3, 4, 7, 8),
(12, 4, 1, 3, 8),
(12, 5, 2, 4, 8),
(12, 5, 4, 7, 8),
(12, 6, 1, 3, 8),
(12, 6, 3, 5, 8),
(13, 2, 2, 4, 8),
(13, 3, 4, 7, 8),
(14, 2, 4, 7, 8),
(14, 3, 1, 3, 8),
(14, 3, 3, 4, 8),
(14, 4, 1, 3, 8),
(14, 5, 2, 4, 8),
(14, 6, 1, 3, 8),
(14, 6, 3, 5, 8),
(15, 2, 2, 4, 8),
(15, 2, 4, 7, 8),
(15, 3, 3, 4, 8),
(15, 3, 4, 7, 8),
(15, 4, 1, 3, 8),
(15, 6, 1, 3, 8),
(15, 6, 3, 5, 8),
(16, 3, 1, 3, 8),
(16, 3, 4, 7, 8),
(16, 4, 1, 3, 8),
(16, 5, 2, 4, 8),
(16, 5, 4, 7, 8),
(16, 6, 1, 3, 8),
(16, 6, 3, 5, 8),
(17, 2, 2, 4, 8),
(17, 2, 4, 7, 8),
(17, 3, 4, 7, 8),
(17, 4, 1, 3, 8),
(17, 5, 2, 4, 8),
(17, 6, 1, 3, 8),
(17, 6, 3, 5, 8),
(18, 2, 4, 7, 8),
(18, 3, 1, 3, 8),
(18, 3, 3, 4, 8),
(18, 4, 1, 3, 8),
(18, 5, 2, 4, 8),
(18, 6, 1, 3, 8),
(18, 6, 3, 5, 8),
(19, 2, 2, 4, 8),
(19, 2, 4, 7, 8),
(19, 3, 1, 3, 8),
(19, 4, 1, 3, 8),
(19, 5, 4, 7, 8),
(19, 6, 1, 3, 8),
(19, 6, 3, 5, 8),
(20, 2, 2, 4, 8),
(20, 3, 1, 3, 8),
(20, 3, 3, 4, 8),
(20, 4, 1, 3, 8),
(20, 5, 4, 7, 8),
(20, 6, 1, 3, 8),
(20, 6, 3, 5, 8),
(21, 2, 2, 4, 8),
(21, 2, 4, 7, 8),
(21, 4, 1, 3, 8),
(21, 5, 2, 4, 8),
(21, 5, 4, 7, 8),
(21, 6, 1, 3, 8),
(21, 6, 3, 5, 8),
(23, 2, 2, 4, 8),
(23, 3, 1, 3, 8),
(23, 4, 1, 3, 8),
(23, 5, 2, 4, 8),
(23, 6, 1, 3, 8),
(23, 6, 3, 5, 8),
(5, 1, 2, 4, 9),
(5, 2, 2, 4, 9),
(5, 3, 1, 3, 9),
(5, 4, 1, 3, 9),
(5, 5, 2, 4, 9),
(22, 1, 2, 4, 9),
(22, 1, 4, 7, 9),
(22, 2, 2, 4, 9),
(22, 2, 4, 7, 9),
(22, 3, 1, 3, 9),
(22, 4, 1, 3, 9),
(22, 4, 3, 7, 9),
(22, 5, 2, 4, 9),
(6, 2, 2, 4, 10),
(6, 2, 4, 7, 10),
(6, 5, 2, 4, 10),
(6, 5, 4, 7, 10),
(1, 1, 2, 4, 16),
(1, 1, 4, 7, 16),
(1, 3, 1, 3, 16),
(2, 1, 2, 4, 16),
(2, 1, 4, 7, 16),
(2, 4, 3, 7, 16),
(3, 2, 4, 7, 16),
(3, 3, 4, 7, 16),
(3, 5, 4, 7, 16),
(3, 6, 1, 3, 16),
(3, 6, 3, 5, 16),
(4, 6, 1, 3, 16),
(4, 6, 3, 5, 16),
(5, 1, 4, 7, 16),
(5, 2, 4, 7, 16),
(5, 3, 3, 4, 16),
(5, 3, 4, 7, 16),
(5, 4, 3, 7, 16),
(5, 5, 4, 7, 16),
(5, 6, 1, 3, 16),
(5, 6, 3, 5, 16),
(6, 1, 2, 4, 16),
(6, 1, 4, 7, 16),
(6, 4, 3, 7, 16),
(7, 1, 2, 4, 16),
(7, 1, 4, 7, 16),
(7, 4, 3, 7, 16),
(8, 1, 2, 4, 16),
(8, 1, 4, 7, 16),
(8, 4, 3, 7, 16),
(9, 1, 2, 4, 16),
(9, 1, 4, 7, 16),
(9, 2, 4, 7, 16),
(9, 3, 4, 7, 16),
(9, 5, 4, 7, 16),
(11, 1, 2, 4, 16),
(11, 1, 4, 7, 16),
(11, 4, 3, 7, 16),
(12, 1, 2, 4, 16),
(12, 1, 4, 7, 16),
(12, 4, 3, 7, 16),
(13, 1, 2, 4, 16),
(13, 1, 4, 7, 16),
(13, 2, 4, 7, 16),
(13, 4, 1, 3, 16),
(13, 4, 3, 7, 16),
(13, 5, 4, 7, 16),
(13, 6, 1, 3, 16),
(13, 6, 3, 5, 16),
(14, 1, 2, 4, 16),
(14, 1, 4, 7, 16),
(14, 4, 3, 7, 16),
(15, 1, 2, 4, 16),
(15, 1, 4, 7, 16),
(15, 4, 3, 7, 16),
(16, 1, 2, 4, 16),
(16, 1, 4, 7, 16),
(16, 4, 3, 7, 16),
(17, 1, 2, 4, 16),
(17, 1, 4, 7, 16),
(17, 4, 3, 7, 16),
(18, 1, 2, 4, 16),
(18, 1, 4, 7, 16),
(18, 4, 3, 7, 16),
(19, 1, 2, 4, 16),
(19, 1, 4, 7, 16),
(19, 4, 3, 7, 16),
(20, 1, 2, 4, 16),
(20, 1, 4, 7, 16),
(20, 4, 3, 7, 16),
(21, 1, 2, 4, 16),
(21, 1, 4, 7, 16),
(21, 4, 3, 7, 16),
(22, 3, 3, 4, 16),
(22, 3, 4, 7, 16),
(22, 5, 4, 7, 16),
(22, 6, 1, 3, 16),
(22, 6, 3, 5, 16),
(23, 1, 2, 4, 16),
(23, 1, 4, 7, 16),
(23, 4, 3, 7, 16),
(21, 3, 3, 4, 17),
(21, 3, 4, 7, 17),
(23, 2, 4, 7, 17),
(23, 3, 3, 4, 17),
(23, 3, 4, 7, 17),
(23, 5, 4, 7, 17),
(10, 1, 2, 4, 21),
(10, 1, 4, 7, 21),
(10, 2, 2, 4, 21),
(10, 2, 4, 7, 21),
(10, 3, 1, 3, 21),
(10, 3, 3, 4, 21),
(10, 3, 4, 7, 21),
(10, 4, 1, 3, 21),
(10, 4, 3, 7, 21),
(10, 5, 2, 4, 21),
(10, 5, 4, 7, 21),
(10, 6, 1, 3, 21),
(10, 6, 3, 5, 21);